CAREER FIELDS,ROLE,COMPANY,LINK,LOCATION
Architecture and Engineering,Hologic Engineering Intern,Hologic Company,https://hologic.referrals.selectminds.com/jobs/summer-2021-engineering-internship-opportunities-3822?src=JB-10081,"Marlborough, MA"
Architecture and Engineering,Engineering Intern,"Stanley, Black, and Decker",https://sjobs.brassring.com/TGnewUI/Search/home/HomeWithPreLoad?partnerid=165&siteid=20&PageType=JobDetails&jobid=861761&codes=IND#jobDetails=861761_20,"East Longmeadow, MA"
Architecture and Engineering,Architecture Intern,Turner Construction Company,https://turnerconstruction.csod.com/ux/ats/careersite/1/home?c=turnerconstruction&source=IND#/requisition/7611,"Boston, MA"
Architecture and Engineering,Structural Engineering Intern,BuroHappold Company ,https://careers.burohappold.com/vacancy/structural-intern-boston-summer-2021-425176.html,"Boston, MA"
Architecture and Engineering,Architecture Intern,HGA Company,https://hga-internships-hga.icims.com/jobs/1727/job?utm_source=indeed_integration&iis=Job+Board&iisn=Indeed&indeed-apply-token=73a2d2b2a8d6d5c0a62696875eaebd669103652d3f0c2cd5445d3e66b1592b0f&mobile=false&width=1318&height=500&bga=true&needsRedirect=false&jan1offset=0&jun1offset=0,"Boston, MA"
,,,,
"Arts, Culture and Entertainment","Design, Fashion, Art Intern ",Converse Company,https://jobs.nike.com/job/CURSDESIGN21?apstr=src=JB-11022,"Boston, MA"
"Arts, Culture and Entertainment","Design, Art Intern",Red Hat Company,https://us-redhat.icims.com/jobs/81524/job?utm_source=indeed_integration&iis=Job+Board&iisn=Indeed&indeed-apply-token=73a2d2b2a8d6d5c0a62696875eaebd669103652d3f0c2cd5445d3e66b1592b0f&mobile=false&width=1140&height=500&bga=true&needsRedirect=false&jan1offset=0&jun1offset=0,"Boston, MA"
"Arts, Culture and Entertainment","Design, Art Intern",Signify Company,https://www.careers.signify.com/jobs/graphic-communication-design-intern-burlington/?utm_source=indeed&utm_medium=jobposting&utm_campaign=indeed_jobposting&source=Indeed,"Burlington, MA"
"Arts, Culture and Entertainment",Industrial Design Intern,Clio Company,"https://www.indeed.com/viewjob?from=vjs,iaBackPress&jk=f0404155cce1f773&tk=1enp3eel8t4pk800&topwindowlocation=/jobs?q=art internship&l=Massachusetts&start=10&vjk=f0404155cce1f773&viewtype=embedded","Newton, MA"
"Arts, Culture and Entertainment",Graphic Design Intern ,TwinFlame Company,"https://www.indeed.com/viewjob?from=vjs,iaBackPress&jk=6e5ea002f927e7cb&tk=1enp3jks1t4n2800&topwindowlocation=/jobs?q=art internship&l=Massachusetts&start=10&vjk=6e5ea002f927e7cb&viewtype=embedded","Boston, MA"
,,,,
Business Management and Administration ,Business Development Intern,iAdvise Company,https://jobs.smartrecruiters.com/iAdvize/743999724558634-marketing-and-business-development-intern-full-time-6-month-paid-internship-?utm_source=Indeed&utm_medium=organic&utm_campaign=Indeed,"Cambridge, MA"
Business Management and Administration ,Business Development Intern,Puma Company ,Link ,"Westford, MA"
Business Management and Administration ,Business Development Intern,Puma Company ,https://about.puma.com/en/jobs/internship_footwear_merchandising__wholesale_r10136?title=Internship Footwear Merchandising - Wholesale,"Westford, MA"
Business Management and Administration ,Business Development Intern,Pega Company ,https://about.puma.com/en/jobs/internship_footwear_merchandising__wholesale_r10136?title=Internship Footwear Merchandising - Wholesale,"Cambridge, MA"
Business Management and Administration ,Marketing Intern,Alpha Net Solutions,https://www.alphanetsolutions.com/about-us/careers/marketing-intern/,"Millbury, MA"
,,,,
Communications,Communications Intern,CDM Smith Company ,https://sjobs.brassring.com/TGnewUI/Search/home/HomeWithPreLoad?partnerid=25038&siteid=5220&PageType=JobDetails&jobid=1445733&codes=1-INDEED#jobDetails=1445733_5220,"Boston, MA"
Communications,Communications Intern,Axis Company,https://axis.wd3.myworkdayjobs.com/en-US/External_Career_Site/job/USA---MA---Chelmsford/Marketing---Sales-Development-Intern--Northeast_R-116331,"Chelmsford, MA"
Communications,Communications Intern,PTC Company,https://careers.ptc.com/TGnewUI/Search/home/HomeWithPreLoad?partnerid=2&siteid=5213&PageType=JobDetails&jobid=3097860&codes=IND#jobDetails=3097860_5213,"Boston, MA"
Communications,Communications Intern,VocaliD Company,https://vocalid.ai/jobs/,"Belmont, MA"
Communications,Communications Intern,Nexstar Company,https://nexstar.wd5.myworkdayjobs.com/en-US/nexstar/job/MA-Chicopee/News-Intern_REQ-3523,"Chicopee, MA"
,,,,
Community and Social Services,Community Management Intern,Warner Bros Entertainment,https://www.warnermediacareers.com/job/needham/community-management-intern/1174/17807362?codes=NIND,"Needham, MA"
Community and Social Services,Developer Community Intern,CyberArk Company ,https://careers.cyberark.com/job/Newton-Developer-Community-Intern/633283601/,"Newton, MA"
Community and Social Services,Outreach Intern,AAARP Company,https://careers.aarp.org/job/11888625/outreach-intern-spring-2021-boston-ma/,"Boston, MA"
Community and Social Services,Developer Community Intern,Big Brother Big Sister Company,https://emassbigs.org/community-engagement-recruitment-internship/,"Boston, MA"
Community and Social Services,Social Transformation Intern,Heluna Health Company,https://recruiting2.ultipro.com/PUB1001PUBH/JobBoard/6705aa07-0bcb-4660-ad1b-2fda952becc7/OpportunityDetail?opportunityId=37f578f9-07ba-44de-b73b-f561ccb6942f,"Boston, MA"
,,,,
Education,Education Marketing Intern,MathWorks Company,https://www.mathworks.com/company/jobs/opportunities/24277-education-marketing-intern.html?s_eid=rcj_10192&source=10192,"Natick, MA"
Education,"Internship Coordinator, College Communication ",Boston University,https://bu.silkroad.com/epostings/index.cfm?fuseaction=app.dspjob&jobid=306381&company_id=15509&version=1&jobBoardId=1112,"Boston, MA"
Education,Peer Mentor Intern,Incompass Human Services ,"https://www.indeed.com/viewjob?from=vjs,iaBackPress&jk=70adb2da98e3729b&tk=1enp7lntit4im800&topwindowlocation=/jobs?q=education internship&l=Massachusetts&vjk=70adb2da98e3729b&viewtype=embedded","Chelmsford, MA"
Education,Peer Mentor Intern,Mini-Miracles Company,"https://www.indeed.com/viewjob?from=vjs,iaBackPress&jk=6e3e1b647b8d588b&tk=1enp7lntit4im800&topwindowlocation=/jobs?q=education internship&l=Massachusetts&vjk=6e3e1b647b8d588b&viewtype=embedded","Natick, MA"
Education,Educational Counselor Intern,Hopeful Journeys Educational Centre,"https://www.indeed.com/viewjob?from=vjs,iaBackPress&jk=1fb3d75cec49ccf1&tk=1enp7lntit4im800&topwindowlocation=/jobs?q=education internship&l=Massachusetts&vjk=1fb3d75cec49ccf1&viewtype=embedded","Beverly, MA"
,,,,
Science and Technology,Science Intern,Ocean Spray Company,https://oceanspray.wd5.myworkdayjobs.com/en-US/OceanSprayJobs/job/Lakeville-MA/Sensory-Analytics-Intern_R696?source=Indeed,"Lakeville, MA"
Science and Technology,Science Intern,Takeda Pharmaceuticals ,https://www.takedajobs.com/job/cambridge/2021-summer-internship-immuno-oncology-biology/1113/18009858?source=INDEED,"Cambridge, MA"
Science and Technology,Science Research Intern,MIT Lincoln Pharmacy,https://careers.ll.mit.edu/job/Lexington-Group-38-Summer-Research-Program-Intern-MA-02420/681364400/?jobPipeline=Indeed,"Lexington, MA"
Science and Technology,Science Research Intern,Vertex Pharmaceuticals ,https://vrtx.wd5.myworkdayjobs.com/Vertex_Careers/job/Boston-MA/Summer-2021-Internship--Research-and-Development--Boston--MA-_REQ-10272?mode=job&iis=Job+Board&iisn=Indeed,"Boston, MA"
Science and Technology,Science Research Intern,The Brattle Group Inc,https://chu.tbe.taleo.net/chu01/ats/careers/requisition.jsp?org=BRATTLE&cws=1&rid=519&source=Indeed,"Cambridge, MA"
,,,,
Government,Legal Government Relations Intern,Motional Company ,https://jobs.lever.co/motional/6a8f76ee-7e7b-4cbf-bc3a-0df89eaa483d,"Boston, MA"
Government,Legal Government Relations Intern,Hologic Company ,https://hologic.referrals.selectminds.com/jobs/summer-2021-finance-legal-internship-opportunities-3824?src=JB-10081,"Marlborough, MA"
Government,Legal Government Relations Intern,Liberty Mutual Insurance ,"https://campus-libertymutual.icims.com/jobs/31776/law-clerk-program---boston,-summer-2021/job?mode=job&iis=Job+Board&iisn=Indeed+Organic&extcmp=Indd-orgn-text","Boston, MA"
Government,Legal Government Relations Intern,Guidehouse,https://careers.guidehouse.com/jobs/7401/job?utm_source=indeed_integration&iis=Job Board&iisn=Indeed&indeed-apply-token=73a2d2b2a8d6d5c0a62696875eaebd669103652d3f0c2cd5445d3e66b1592b0f,"Boston, MA"
Government,Legal Government Relations Intern, Meketa Investment Group,"https://www.indeed.com/viewjob?from=vjs,iaBackPress&jk=935d914dadc7ca57&tk=1enp9ikc6t5a6800&topwindowlocation=/jobs?q=law internship&l=Massachusetts&vjk=935d914dadc7ca57&viewtype=embedded","Westwood, MA"
,,,,
"Environment, Fishing, Forestry ",Environmental Sustainability intern,Seaside Sustainability Inc,https://www.seasidesustainability.org/intern-details,"Gloucester, MA"
"Environment, Fishing, Forestry ",Environmental Sustainability intern,Arup Intern,https://jobs.arup.com/jobs/sustainability-consulting-intern-available-june-2021-2396?utm_source=indeed,"Boston, MA"
"Environment, Fishing, Forestry ",Fisheries Management Intern, Student Conservation Association,https://www.thesca.org/serve/position/fisheries-management-intern/po-00730596,"Sunderland, MA"
"Environment, Fishing, Forestry ",Arborist Trainee internship,Davey Tree,"https://jobs.davey.com/job/Needham-Arborist-Trainee-Internship-Summer-2021-Hartney-Greymont,-Needham,-MA-MA-02492/691435800/?feedId=150100&utm_source=Indeed&jobPipeline=Indeed","Needham, MA"
"Environment, Fishing, Forestry ",Trainee internship,PMA Consultants,https://www.vscyberhosting.com/pmaconsultants/Careers.aspx?req=2020-NE-025&type=JOBDESCR&rf=INDEED,"Braintree, MA"
,,,,
Health and Medicine,Health Intern,"Behavioral Health Network, Inc",https://www.jobs.net/jobs/bhninc/en-us/job/United-States/UYCP-Residential-Paid-Internship/J3V1P46HSN7V5ZPHLQ8/?idpartenaire=163,"Springfield, MA"
Health and Medicine,Health Intern,IBM,https://careers.ibm.com/ShowJob/Id/1010578/Watson Health Regulatory Affairs (Intern),"Cambridge, MA"
Health and Medicine,Health Intern,Ariadne Labs,https://www.ariadnelabs.org/careers/opportunities/primary-health-care-intern-for-the-phcpi-project-part-time-must-be-based-in-ca-ma-nh-ri/,"Boston, MA"
Health and Medicine,Health Intern,Partners In Health,https://www.pih.org/pages/employment?p=job/oosVdfwI&nl=1&__jvst=Job+Board&__jvsd=Indeed,"Boston, MA"
Health and Medicine,Health Intern,Arbour Counseling Services,https://jobs.uhsinc.com/arbour-hospital/jobs/63477?lang=en-us&mode=job&iis=job+board&iisn=Indeed,"Norwell, MA"